row,golden,predicted,correct,http_status,client_seconds,request_id,error
4000,Debt collection,Debt collection,1,201,16.197,acc-qwen2.5-7b-20261009-035613-4000,
4001,Debt collection,Debt collection,1,201,13.883,acc-qwen2.5-7b-20261009-035613-4001,
4002,Consumer loan,Consumer loan,1,201,8.107,acc-qwen2.5-7b-20261009-035613-4002,
4003,Bank account or service,Bank account or service,1,201,11.483,acc-qwen2.5-7b-20261009-035613-4003,
4004,Credit card,Bank account or service,0,201,12.601,acc-qwen2.5-7b-20261009-035613-4004,
4005,Bank account or service,Bank account or service,1,201,23.021,acc-qwen2.5-7b-20261009-035613-4005,
4006,Money transfer or service,Money transfer or service,1,201,6.372,acc-qwen2.5-7b-20261009-035613-4006,
4007,Consumer loan,Debt collection,0,201,6.306,acc-qwen2.5-7b-20261009-035613-4007,
4008,Credit reporting,Credit reporting,1,201,8.892,acc-qwen2.5-7b-20261009-035613-4008,
4009,Debt collection,Debt collection,1,201,14.407,acc-qwen2.5-7b-20261009-035613-4009,
4010,Credit reporting,Credit reporting,1,201,14.287,acc-qwen2.5-7b-20261009-035613-4010,
4011,Credit reporting,Credit reporting,1,201,8.521,acc-qwen2.5-7b-20261009-035613-4011,
4012,Bank account or service,Bank account or service,1,201,12.883,acc-qwen2.5-7b-20261009-035613-4012,
4013,Debt collection,Debt collection,1,201,16.394,acc-qwen2.5-7b-20261009-035613-4013,
4014,Mortgage,Mortgage,1,201,13.016,acc-qwen2.5-7b-20261009-035613-4014,
4015,Credit reporting,Credit reporting,1,201,9.990,acc-qwen2.5-7b-20261009-035613-4015,
4016,Debt collection,Debt collection,1,201,5.720,acc-qwen2.5-7b-20261009-035613-4016,
4017,Consumer loan,Consumer loan,1,201,12.991,acc-qwen2.5-7b-20261009-035613-4017,
4018,Mortgage,Mortgage,1,201,7.884,acc-qwen2.5-7b-20261009-035613-4018,
4019,Debt collection,Debt collection,1,201,9.319,acc-qwen2.5-7b-20261009-035613-4019,
4020,Consumer loan,Debt collection,0,201,5.073,acc-qwen2.5-7b-20261009-035613-4020,
4021,Bank account or service,Bank account or service,1,201,20.020,acc-qwen2.5-7b-20261009-035613-4021,
4022,Consumer loan,Consumer loan,1,201,7.388,acc-qwen2.5-7b-20261009-035613-4022,
4023,Money transfer or service,Bank account or service,0,201,18.113,acc-qwen2.5-7b-20261009-035613-4023,
4024,Credit reporting,Credit reporting,1,201,7.898,acc-qwen2.5-7b-20261009-035613-4024,
4025,Mortgage,Consumer loan,0,201,15.382,acc-qwen2.5-7b-20261009-035613-4025,
4026,Money transfer or service,Money transfer or service,1,201,6.692,acc-qwen2.5-7b-20261009-035613-4026,
4027,Credit reporting,Credit reporting,1,201,9.281,acc-qwen2.5-7b-20261009-035613-4027,
4028,Credit reporting,Debt collection,0,201,6.740,acc-qwen2.5-7b-20261009-035613-4028,
4029,Bank account or service,Credit card,0,201,15.216,acc-qwen2.5-7b-20261009-035613-4029,
4030,Money transfer or service,Money transfer or service,1,201,10.158,acc-qwen2.5-7b-20261009-035613-4030,
4031,Credit reporting,Credit reporting,1,201,7.012,acc-qwen2.5-7b-20261009-035613-4031,
4032,Mortgage,Mortgage,1,201,12.206,acc-qwen2.5-7b-20261009-035613-4032,
4033,Bank account or service,Bank account or service,1,201,18.211,acc-qwen2.5-7b-20261009-035613-4033,
4034,Money transfer or service,Money transfer or service,1,201,11.282,acc-qwen2.5-7b-20261009-035613-4034,
4035,Consumer loan,Consumer loan,1,201,17.813,acc-qwen2.5-7b-20261009-035613-4035,
4036,Mortgage,Mortgage,1,201,14.092,acc-qwen2.5-7b-20261009-035613-4036,
4037,Credit card,Credit card,1,201,14.370,acc-qwen2.5-7b-20261009-035613-4037,
4038,Mortgage,Mortgage,1,201,13.435,acc-qwen2.5-7b-20261009-035613-4038,
4039,Credit reporting,Credit reporting,1,201,11.469,acc-qwen2.5-7b-20261009-035613-4039,
4040,Bank account or service,Credit card,0,201,6.920,acc-qwen2.5-7b-20261009-035613-4040,
4041,Credit card,Credit card,1,201,10.405,acc-qwen2.5-7b-20261009-035613-4041,
4042,Mortgage,Mortgage,1,201,18.681,acc-qwen2.5-7b-20261009-035613-4042,
4043,Money transfer or service,Money transfer or service,1,201,8.920,acc-qwen2.5-7b-20261009-035613-4043,
4044,Credit reporting,Credit reporting,1,201,5.288,acc-qwen2.5-7b-20261009-035613-4044,
4045,Credit reporting,Credit reporting,1,201,7.564,acc-qwen2.5-7b-20261009-035613-4045,
4046,Money transfer or service,Money transfer or service,1,201,8.527,acc-qwen2.5-7b-20261009-035613-4046,
4047,Credit card,Credit card,1,201,13.821,acc-qwen2.5-7b-20261009-035613-4047,
4048,Debt collection,Debt collection,1,201,10.291,acc-qwen2.5-7b-20261009-035613-4048,
4049,Credit card,Credit card,1,201,15.798,acc-qwen2.5-7b-20261009-035613-4049,
4050,Money transfer or service,Money transfer or service,1,201,8.680,acc-qwen2.5-7b-20261009-035613-4050,
4051,Credit card,Credit reporting,0,201,15.215,acc-qwen2.5-7b-20261009-035613-4051,
4052,Consumer loan,Credit reporting,0,201,6.505,acc-qwen2.5-7b-20261009-035613-4052,
4053,Mortgage,Mortgage,1,201,9.377,acc-qwen2.5-7b-20261009-035613-4053,
4054,Debt collection,Debt collection,1,201,6.103,acc-qwen2.5-7b-20261009-035613-4054,
4055,Mortgage,Mortgage,1,201,17.181,acc-qwen2.5-7b-20261009-035613-4055,
4056,Bank account or service,Bank account or service,1,201,12.725,acc-qwen2.5-7b-20261009-035613-4056,
4057,Credit reporting,Credit reporting,1,201,11.509,acc-qwen2.5-7b-20261009-035613-4057,
4058,Debt collection,Debt collection,1,201,9.181,acc-qwen2.5-7b-20261009-035613-4058,
4059,Debt collection,Credit reporting,0,201,8.607,acc-qwen2.5-7b-20261009-035613-4059,
4060,Consumer loan,Consumer loan,1,201,19.308,acc-qwen2.5-7b-20261009-035613-4060,
4061,Money transfer or service,Credit card,0,201,15.379,acc-qwen2.5-7b-20261009-035613-4061,
4062,Credit reporting,Credit reporting,1,201,13.410,acc-qwen2.5-7b-20261009-035613-4062,
4063,Bank account or service,Bank account or service,1,201,11.263,acc-qwen2.5-7b-20261009-035613-4063,
4064,Debt collection,Debt collection,1,201,7.957,acc-qwen2.5-7b-20261009-035613-4064,
4065,Mortgage,Mortgage,1,201,8.571,acc-qwen2.5-7b-20261009-035613-4065,
4066,Credit card,Credit card,1,201,13.703,acc-qwen2.5-7b-20261009-035613-4066,
4067,Consumer loan,Consumer loan,1,201,8.087,acc-qwen2.5-7b-20261009-035613-4067,
4068,Mortgage,Mortgage,1,201,17.421,acc-qwen2.5-7b-20261009-035613-4068,
4069,Credit reporting,Credit reporting,1,201,22.692,acc-qwen2.5-7b-20261009-035613-4069,
4070,Credit reporting,Credit reporting,1,201,6.364,acc-qwen2.5-7b-20261009-035613-4070,
4071,Debt collection,Debt collection,1,201,6.720,acc-qwen2.5-7b-20261009-035613-4071,
4072,Credit reporting,Credit reporting,1,201,6.209,acc-qwen2.5-7b-20261009-035613-4072,
4073,Money transfer or service,Money transfer or service,1,201,9.093,acc-qwen2.5-7b-20261009-035613-4073,
4074,Money transfer or service,Money transfer or service,1,201,8.107,acc-qwen2.5-7b-20261009-035613-4074,
4075,Bank account or service,Bank account or service,1,201,7.680,acc-qwen2.5-7b-20261009-035613-4075,
4076,Credit reporting,Credit reporting,1,201,15.825,acc-qwen2.5-7b-20261009-035613-4076,
4077,Bank account or service,Bank account or service,1,201,6.595,acc-qwen2.5-7b-20261009-035613-4077,
4078,Debt collection,Debt collection,1,201,14.397,acc-qwen2.5-7b-20261009-035613-4078,
4079,Credit reporting,Credit reporting,1,201,7.891,acc-qwen2.5-7b-20261009-035613-4079,
4080,Debt collection,Debt collection,1,201,8.005,acc-qwen2.5-7b-20261009-035613-4080,
4081,Credit reporting,Credit reporting,1,201,8.783,acc-qwen2.5-7b-20261009-035613-4081,
4082,Mortgage,Bank account or service,0,201,21.086,acc-qwen2.5-7b-20261009-035613-4082,
4083,Money transfer or service,Money transfer or service,1,201,12.544,acc-qwen2.5-7b-20261009-035613-4083,
4084,Money transfer or service,Money transfer or service,1,201,15.393,acc-qwen2.5-7b-20261009-035613-4084,
4085,Consumer loan,Consumer loan,1,201,11.287,acc-qwen2.5-7b-20261009-035613-4085,
4086,Credit reporting,Credit reporting,1,201,16.309,acc-qwen2.5-7b-20261009-035613-4086,
4087,Credit card,Credit card,1,201,10.917,acc-qwen2.5-7b-20261009-035613-4087,
4088,Money transfer or service,Money transfer or service,1,201,8.774,acc-qwen2.5-7b-20261009-035613-4088,
4089,Credit card,Credit card,1,201,17.288,acc-qwen2.5-7b-20261009-035613-4089,
4090,Mortgage,Consumer loan,0,201,9.109,acc-qwen2.5-7b-20261009-035613-4090,
4091,Money transfer or service,Money transfer or service,1,201,6.000,acc-qwen2.5-7b-20261009-035613-4091,
4092,Mortgage,Credit reporting,0,201,9.710,acc-qwen2.5-7b-20261009-035613-4092,
4093,Money transfer or service,Debt collection,0,201,9.578,acc-qwen2.5-7b-20261009-035613-4093,
4094,Consumer loan,Consumer loan,1,201,17.014,acc-qwen2.5-7b-20261009-035613-4094,
4095,Mortgage,Debt collection,0,201,19.298,acc-qwen2.5-7b-20261009-035613-4095,
4096,Credit reporting,Credit reporting,1,201,10.902,acc-qwen2.5-7b-20261009-035613-4096,
4097,Mortgage,Mortgage,1,201,7.780,acc-qwen2.5-7b-20261009-035613-4097,
4098,Credit card,Credit card,1,201,11.421,acc-qwen2.5-7b-20261009-035613-4098,
4099,Credit card,Credit card,1,201,14.702,acc-qwen2.5-7b-20261009-035613-4099,
4100,Money transfer or service,Money transfer or service,1,201,14.065,acc-qwen2.5-7b-20261009-035613-4100,
4101,Credit reporting,Credit reporting,1,201,4.925,acc-qwen2.5-7b-20261009-035613-4101,
4102,Money transfer or service,Bank account or service,0,201,13.309,acc-qwen2.5-7b-20261009-035613-4102,
4103,Consumer loan,Debt collection,0,201,11.489,acc-qwen2.5-7b-20261009-035613-4103,
4104,Bank account or service,Bank account or service,1,201,13.827,acc-qwen2.5-7b-20261009-035613-4104,
4105,Credit reporting,Credit reporting,1,201,4.953,acc-qwen2.5-7b-20261009-035613-4105,
4106,Consumer loan,Consumer loan,1,201,15.017,acc-qwen2.5-7b-20261009-035613-4106,
4107,Bank account or service,Bank account or service,1,201,20.116,acc-qwen2.5-7b-20261009-035613-4107,
4108,Credit card,Credit card,1,201,8.704,acc-qwen2.5-7b-20261009-035613-4108,
4109,Credit reporting,Credit reporting,1,201,5.891,acc-qwen2.5-7b-20261009-035613-4109,
4110,Credit reporting,Credit reporting,1,201,6.491,acc-qwen2.5-7b-20261009-035613-4110,
4111,Bank account or service,Credit card,0,201,6.290,acc-qwen2.5-7b-20261009-035613-4111,
4112,Money transfer or service,Money transfer or service,1,201,7.697,acc-qwen2.5-7b-20261009-035613-4112,
4113,Credit card,Debt collection,0,201,10.892,acc-qwen2.5-7b-20261009-035613-4113,
4114,Credit reporting,Credit reporting,1,201,14.622,acc-qwen2.5-7b-20261009-035613-4114,
4115,Credit card,Debt collection,0,201,10.892,acc-qwen2.5-7b-20261009-035613-4115,
4116,Credit reporting,Credit reporting,1,201,4.984,acc-qwen2.5-7b-20261009-035613-4116,
4117,Mortgage,Mortgage,1,201,10.890,acc-qwen2.5-7b-20261009-035613-4117,
4118,Bank account or service,Bank account or service,1,201,14.907,acc-qwen2.5-7b-20261009-035613-4118,
4119,Consumer loan,Debt collection,0,201,16.602,acc-qwen2.5-7b-20261009-035613-4119,
4120,Money transfer or service,Credit card,0,201,14.397,acc-qwen2.5-7b-20261009-035613-4120,
4121,Money transfer or service,Money transfer or service,1,201,9.208,acc-qwen2.5-7b-20261009-035613-4121,
4122,Debt collection,Debt collection,1,201,11.193,acc-qwen2.5-7b-20261009-035613-4122,
4123,Mortgage,Debt collection,0,201,9.113,acc-qwen2.5-7b-20261009-035613-4123,
4124,Mortgage,Credit reporting,0,201,18.174,acc-qwen2.5-7b-20261009-035613-4124,
4125,Credit reporting,Credit reporting,1,201,7.521,acc-qwen2.5-7b-20261009-035613-4125,
4126,Debt collection,Credit reporting,0,201,6.573,acc-qwen2.5-7b-20261009-035613-4126,
4127,Bank account or service,Bank account or service,1,201,11.539,acc-qwen2.5-7b-20261009-035613-4127,
4128,Mortgage,Consumer loan,0,201,12.383,acc-qwen2.5-7b-20261009-035613-4128,
4129,Consumer loan,Consumer loan,1,201,9.301,acc-qwen2.5-7b-20261009-035613-4129,
4130,Credit card,Credit card,1,201,8.087,acc-qwen2.5-7b-20261009-035613-4130,
4131,Money transfer or service,Bank account or service,0,201,15.511,acc-qwen2.5-7b-20261009-035613-4131,
4132,Bank account or service,Bank account or service,1,201,12.906,acc-qwen2.5-7b-20261009-035613-4132,
4133,Money transfer or service,Money transfer or service,1,201,16.023,acc-qwen2.5-7b-20261009-035613-4133,
4134,Credit card,Credit reporting,0,201,14.474,acc-qwen2.5-7b-20261009-035613-4134,
4135,Mortgage,Mortgage,1,201,12.801,acc-qwen2.5-7b-20261009-035613-4135,
4136,Bank account or service,Bank account or service,1,201,10.289,acc-qwen2.5-7b-20261009-035613-4136,
4137,Credit reporting,Credit reporting,1,201,10.997,acc-qwen2.5-7b-20261009-035613-4137,
4138,Bank account or service,Bank account or service,1,201,14.823,acc-qwen2.5-7b-20261009-035613-4138,
4139,Bank account or service,Bank account or service,1,201,13.983,acc-qwen2.5-7b-20261009-035613-4139,
4140,Credit reporting,Credit reporting,1,201,7.482,acc-qwen2.5-7b-20261009-035613-4140,
4141,Bank account or service,Credit card,0,201,17.814,acc-qwen2.5-7b-20261009-035613-4141,
4142,Consumer loan,Consumer loan,1,201,9.883,acc-qwen2.5-7b-20261009-035613-4142,
4143,Consumer loan,Debt collection,0,201,19.284,acc-qwen2.5-7b-20261009-035613-4143,
4144,Mortgage,Mortgage,1,201,16.833,acc-qwen2.5-7b-20261009-035613-4144,
4145,Mortgage,Mortgage,1,201,9.895,acc-qwen2.5-7b-20261009-035613-4145,
4146,Credit reporting,Credit reporting,1,201,9.306,acc-qwen2.5-7b-20261009-035613-4146,
4147,Credit card,Credit reporting,0,201,5.700,acc-qwen2.5-7b-20261009-035613-4147,
4148,Credit card,Credit reporting,0,201,10.192,acc-qwen2.5-7b-20261009-035613-4148,
4149,Mortgage,Consumer loan,0,201,15.477,acc-qwen2.5-7b-20261009-035613-4149,
