row,beatrice_label,darren_label,protocol_question,option_a_label,option_b_label,ticket_summary,beatrice_reasoning,darren_reasoning,who_changed_and_why,final_label,resolution_reason,protocol_change
4004,Credit card,Bank account or service,P9: Multi-product complaints (R6 primary issue),Credit card,Bank account or service,"American Express closed all of the person's credit cards and checking accounts without giving a reason. The person also wants a refund of the annual fees on their cards, which American Express refused.",Most of the dispute was regarding the credit cards.,American Express closed both the checking account and credit cards. I focused on the account closure aspect and considered it a bank account/service issue rather than a credit card dispute.,"Darren changed from Bank account or service to Credit card: he had focused on the account closures (both the checking accounts and the cards), but agreed under P9 Option A that the specific complaints, the annual fee refund especially, are about the credit cards, so the cards are the primary product.",Credit card,P9 Option A: label by the product the specific complaints are mostly about.,Yes: P9 Option A
4006,Money transfer or service,Credit card,"P11: Definition coverage (leases, crypto, specialty reporting agencies, store cards)",Money transfer or service,-,The person was tricked by scammers into sending money from their Kraken account (a cryptocurrency app) to a fake investment company.,"It involves the customer sending money from their account, but is not a bank account, so classify under Money Transfers.","I focused on the financial loss and account access aspects but did not properly consider the cryptocurrency transfer context, which fits Money transfer or service more closely.","Darren changed from Credit card to Money transfer or service: he had focused on the financial loss and account access, but agreed that the person sent money from a cryptocurrency app (Kraken), which fits Money transfer or service under P11 Option A (cryptocurrency apps → Money transfer).",Money transfer or service,"P11 Option A: cryptocurrency apps are added to Money transfer or service. The person was tricked into sending money from their Kraken account (a cryptocurrency app) to a fake investment company, so the problem is a transfer from a crypto platform: Money transfer or service. Darren's Credit card label came from focusing on the financial loss and account access, not a typing mistake; he agreed the cryptocurrency transfer is the main issue.",Yes: P11 Option A
4008,Debt collection,Credit reporting,P10: Vague / no product named,Credit reporting,-,"The person wrote a letter disputing late payments shown on their credit report, which they believe are wrong. No product (card, loan, etc.) is named and no debt collector is involved.",It was regarding late payments so I thought it was under debt collection.,"The complaint centres on disputed late-payment information appearing on a credit report. Even though the underlying issue may relate to debt, I classified it under Credit reporting because the primary dispute concerns credit bureau records.","Beatrice changed from Debt collection to Credit reporting: she had linked ""late payments"" to Debt collection, but agreed with Darren that the complaint is a dispute about late-payment information on the credit report. No debt collector or collection activity is involved, and late payments alone don't make it Debt collection (the same idea as ""the word 'debt' alone isn't a clue"").",Credit reporting,"P10 Option A: no product is named, so use the clues in the text. The dispute is about late-payment information on the credit report, so Credit reporting. Beatrice's Debt collection label came from linking late payments to debt, not a typing mistake; no collector or collection activity is involved, and late payments alone don't make it Debt collection.",Yes: P10 Option A
4013,Debt collection,Credit reporting,P6: Found on credit report vs active collection,Debt collection,Debt collection,"The person's ex-husband used their identity to take on debts. A debt collector called Midland keeps sending letters and calling about the debts, even though the person reported the identity theft to the credit bureaus.",Debt collector harrasses customer to call about the debts.,"Identity theft had already been reported to the credit bureaus, so I focused on the credit-reporting implications rather than the ongoing collection activity.","Darren changed from Credit reporting to Debt collection: he had focused on the identity theft being reported to the credit bureaus, but agreed under P6 Option A that Midland is actively chasing the person with repeated letters and calls. The credit bureau reports are background, and the identity theft is the cause, not the category.",Debt collection,"P6 Option A: the collector (Midland) is actively chasing the person with repeated letters and calls about debts created through identity theft, so Debt collection. The credit bureau reports are background, and identity theft is the cause, not the category. Darren's Credit reporting label came from focusing on the identity theft being reported to the credit bureaus; he agreed the ongoing collection activity is the main issue.",Yes: P6 Option A
4018,Mortgage,Consumer loan,Definition check (no new rule needed): the Mortgage definition already covers loan modification and foreclosure on a home loan,Mortgage,-,"The person applied to the mortgage company (Caliber Home Loans) to lower their home loan payments. While that application was still being reviewed, the company scheduled a date to take and sell the house (foreclosure).",Mortgage: dual tracking. Lender scheduled a foreclosure while the loan modification was still being processed.,"I associated the complaint with a home-loan modification request and focused on the lending aspect. However, the ticket specifically concerns a mortgage product, making Mortgage the more precise category.","Darren changed from Consumer loan to Mortgage: he had focused on the general lending side of the loan modification request, but agreed that the ticket is specifically about a home loan. Loan modification and foreclosure are both named in the Mortgage definition, so Mortgage is the more precise category.",Mortgage,Mortgage definition: loan modification and foreclosure on a home loan (dual tracking). Darren's Consumer loan label came from focusing on the general lending aspect; agreed Mortgage is more precise.,No
4019,Debt collection,Consumer loan,P7: Collector conduct vs original product (R1),Debt collection,Consumer loan,"The person took out a personal loan, then had to declare bankruptcy. A company bought the unpaid debt and is now sending threatening letters from lawyers, suing them, and threatening jail if they don't attend court.","Debt collection: debt buyer purchased a defaulted personal loan and is sending threatening legal letters, suing, and threatening jail. The personal loan and foreclosure are background.","I focused on the fact that the complaint originated from a personal loan. The collection activity appeared to be a consequence of the unpaid loan, so I classified it as Consumer loan rather than Debt collection.","Darren changed from Consumer loan to Debt collection: he had treated the collection activity as a consequence of the unpaid personal loan, but agreed under P7 Option A that the complaint is about how the debt buyer is behaving (threatening legal letters, a lawsuit, threats of jail). That makes it Debt collection, with the personal loan as background.",Debt collection,"P7 Option A: complaint about a collector's behaviour → Debt collection, whatever the original product.",Yes: P7 Option A
4020,Consumer loan,Debt collection,P10: Vague / no product named,Consumer loan,Debt collection,"The person keeps getting marketing emails inviting them to apply for loans. They believe the company never approves loans for minorities. The type of loan isn't stated, and nobody is chasing them for money.","Loan type not stated. Could be Credit card or Mortgage. Consumer loan (flagged): marketing emails inviting loan applications; alleges the lender won't approve minorities. The loan type isn't stated, so Consumer loan as the most general loan category.",I associated repeated loan-related communications with debt collection activity. I did not focus on the fact that the messages were marketing offers rather than attempts to collect an existing debt.,"Darren changed from Debt collection to Consumer loan: he had linked the repeated loan-related emails to debt collection, but agreed they are marketing offers inviting the person to apply for a loan, not attempts to collect an existing debt. Since the loan type isn't stated, it goes to Consumer loan as the most general loan category (P10 Option A).",Consumer loan,P10 Option A: use clues in the text; unspecified 'loan' → Consumer loan; information shared with credit bureaus → Credit reporting.,Yes: P10 Option A
4021,Bank account or service,Money transfer or service,P1: Bank account vs Money transfer (money held at a bank/bank-like account),Bank account or service,Money transfer or service,"Several unknown companies took money out of the person's Citi Bank savings account without permission. Citi Bank didn't warn them, didn't return calls, and didn't investigate properly.","Bank account or service (flagged): unauthorised withdrawals and wire transfers from a Citi savings account; complaint is about the bank failing to alert, investigate or prevent repeat fraud. Could be read as Money transfer.",The complaint involved unauthorised movement of funds from a Citi savings account. I focused on the transfer of money out of the account rather than the underlying bank account management issues.,"Darren changed from Money transfer or service to Bank account or service: he had focused on the money being moved out of the account, but agreed under P1 Option A that the person didn't send money to anyone. The complaint is about Citi failing to protect, alert and investigate on their savings account, which is an account problem.",Bank account or service,P1 Option A: label by which service went wrong (account problems → Bank account or service; sending money to someone → Money transfer or service).,Yes: P1 Option A
4024,Credit reporting,Debt collection,P6: Found on credit report vs active collection,Credit reporting,Debt collection,"The person found a debt from a collection agency on their credit report that they don't recognise. They disputed it with the credit bureau, which said it was accurate. Nobody is calling or writing to them to collect.","Can consider protocol revision: Debt validation → Debt collection if the collector is actively pursuing the person (calls, letters, threats, lawsuits). If the person only found the debt on their credit report and wants it removed → Credit reporting. Credit reporting (flagged): unknown collection account found on credit report; disputed with the bureau, which said ""accurate""; wants it deleted. No active collection. Mentions debt validation, so it could be read as Debt collection.",I focused on the presence of a collection account and debt-related information in the complaint. I interpreted the issue as involving debt collection rather than a dispute over credit reporting records.,"Darren changed from Debt collection to Credit reporting: he had focused on the collection account and the debt validation request, but agreed under P6 Option A that nobody is actively chasing the person. They found an unknown collection on their credit report, disputed it with the credit bureau, and want it deleted, so the dispute is about the credit report record.",Credit reporting,P6 Option A: debt only found on the credit report and wanted removed → Credit reporting; collector actively chasing → Debt collection.,Yes: P6 Option A
4025,Mortgage,Consumer loan,Definition check (no new rule needed): the Mortgage definition already covers loan modification and foreclosure on a home loan,Mortgage,-,The person's mortgage company (Chase) cancelled their plan to lower home loan payments because the son's signature wasn't in joined-up handwriting. Chase refused their payments and threatened to take the house.,"Every part of the complaint points to a home loan: the loan modification was cancelled, Chase threatened foreclosure, and the son is on the house deed. So I classified it as Mortgage.","I focused on the loan modification and repayment aspects of the complaint. However, the specific product involved was a mortgage, which makes Mortgage the more precise category.","Darren changed from Consumer loan to Mortgage: he had focused on the loan modification and repayment side, but agreed that the product is a home loan. Loan modification and foreclosure are both named in the Mortgage definition, so Mortgage is the more precise category.",Mortgage,"Mortgage definition: the complaint is about a home loan modification being cancelled and foreclosure threats, both named in the Mortgage definition. Darren's Consumer loan label came from focusing on the modification and repayment aspects, not a typing mistake; he agreed Mortgage is the more precise category. No new rule needed.",No
4029,Bank account or service,Money transfer or service,P1: Bank account vs Money transfer (money held at a bank/bank-like account),Bank account or service,Money transfer or service,"An insurance company overcharged the person's Chime debit card by $350. Chime handled the dispute badly, the refund went to a cancelled card, and Chime only sends copy-and-paste replies.","At first I leaned towards Money transfer because money was moving around, including the refund. But I settled on Bank account or service because nobody sent money to anyone through a transfer service. Money transfer is more like e-wallets and payment apps (like PayLah), while this complaint is about the account itself: a disputed debit card charge and a refund that never reached the account.",I focused on the movement and refund of funds after the disputed transaction. I interpreted the issue as relating to money transfers rather than a bank account or debit card service problem.,"Darren changed from Money transfer or service to Bank account or service: he had focused on the movement and refund of funds, but agreed under P1 Option A that no money was sent to anyone. The problem is a debit card charge dispute and a missing refund on the Chime account, which are account features.",Bank account or service,P1 Option A: label by which service went wrong (account problems → Bank account or service; sending money to someone → Money transfer or service).,Yes: P1 Option A
4034,Money transfer or service,Bank account or service,"P2: Payment apps (Cash App, Venmo, PayPal)",Money transfer or service,Bank account or service,"The person's Cash App account was locked for 'breaking the rules', and their appeal was refused. They are under 18 and are asked for ID they don't have. They mainly use Cash App to send and receive money.","Cash App is a money transfer app, and the person says they mainly use it to send and receive money. Cash App is also named in the Money transfer definition, so I labelled it Money transfer or service, the same as my other Cash App tickets.",I focused on the account restriction and access issues experienced by the user. I viewed the complaint as an account-management problem rather than a Money transfer or service issue.,"Darren changed from Bank account or service to Money transfer or service: he had focused on the account being locked, which looks like an account-management problem, but agreed under P2 Option A that Cash App is a payment app named in the Money transfer definition, so its complaints go to Money transfer or service whatever the specific problem is.",Money transfer or service,"P2 Option A: payment apps named in the Money transfer definition (Cash App, Venmo, PayPal) → Money transfer or service, whatever the problem.",Yes: P2 Option A
4044,Credit reporting,Money transfer or service,"P11: Definition coverage (leases, crypto, specialty reporting agencies, store cards) / S: Possible entry slip",Credit reporting,-,"LexisNexis, a company that sells reports about people, looked up negative information about the person without a valid legal reason or their permission.","The complaint is about a company searching for and reporting information about the person. LexisNexis sells reports about people, so it's a consumer reporting agency like a credit bureau. The complaint says it had no ""permissible purpose"", which is a credit reporting law term. So I classified it as Credit reporting.","This appears to have been a classification error. The complaint concerns LexisNexis obtaining and reporting personal information, which aligns more closely with Credit reporting.","Darren entry error, corrected: Darren confirmed his Money transfer label was a classification error. He agreed the complaint is about LexisNexis obtaining and reporting personal information, which is Credit reporting (P11 Option A: companies that sell reports about people → Credit reporting).",Credit reporting,"P11 Option A: companies that sell reports about people go under Credit reporting. Darren confirmed his Money transfer label was a classification error, now corrected.",Yes: P11 Option A
4047,Credit card,Credit reporting,P5: Credit report damage caused by a product problem,Credit card,Credit reporting,"Chase approved the person for a new credit card, then did a light credit check and closed all their Chase credit cards, apparently because they weren't profitable enough. They want a sign-up bonus or their annual fees back.","The focus of the complaint is the person's Chase credit cards: Chase closed all of them, and they want the sign-up bonus or their annual fees refunded. The soft credit check is only how Chase reviewed the account, and nothing on the credit report is being disputed. So I classified it as Credit card.","I noticed that a credit check was performed and initially associated the complaint with credit reporting. On review, the primary issue concerns the management and closure of a credit card account.","Darren changed from Credit reporting to Credit card: he had linked the soft credit check to credit reporting, but agreed that the main issue is Chase closing the credit card accounts, with the bonus and annual fees as the person's requests. The soft pull is background, and no credit report information is disputed (P5 Option A: label by the product).",Credit card,P5 Option A: credit report damage caused by a product problem is labelled by the product.,Yes: P5 Option A
4051,Credit card,Credit reporting,P5: Credit report damage caused by a product problem,Credit card,Credit reporting,"Wells Fargo lowered the person's credit card limit from $18,000 to $15,000 without warning or a clear reason. The lower limit may hurt their credit score.","I wasn't sure at first what the person wanted, and considered Credit reporting because they mention their credit score. But the problem is with the credit card company: Wells Fargo cut the card's credit limit without warning or a clear reason. The possible credit score impact is a consequence, and nothing on the credit report is being disputed. So I classified it as Credit card.","I focused on the possible impact the credit limit reduction could have on the person's credit profile. However, the complaint is primarily about the handling of a credit card account rather than information reported to credit bureaus.","Darren changed from Credit reporting to Credit card: he had focused on how the lower limit could affect the person's credit profile, but agreed that the complaint is about Wells Fargo's handling of the credit card account (cutting the limit without explanation). The credit impact is only a possible consequence (P5 Option A: label by the product).",Credit card,P5 Option A: credit report damage caused by a product problem is labelled by the product.,Yes: P5 Option A
4056,Bank account or service,Money transfer or service,P1: Bank account vs Money transfer (money held at a bank/bank-like account),Bank account or service,Money transfer or service,"The person paid $2,500 with their Chase debit card for a service they never received, and the promised refund never arrived. Chase rejected their dispute and then closed their checking account.","The complaint is about the person's Chase checking account: a debit card charge was disputed, the refund never came back to the account, and Chase then closed the checking account. The service they paid for might itself have been a money transfer, but it never happened, and the complaint is about how Chase handled their account. So I classified it as Bank account or service.","I focused on the disputed payment and refund movement, which led me to classify it as Money transfer or service. However, the main complaint concerns Chase's handling of the account, dispute, and closure of the checking account.","Darren changed from Money transfer or service to Bank account or service: he had focused on the disputed payment and the refund movement, but agreed under P1 Option A that the person didn't send money to anyone through a transfer service. The complaint is about Chase's handling of the debit card dispute and the closure of the checking account, which are account problems.",Bank account or service,P1 Option A: label by which service went wrong (account problems → Bank account or service; sending money to someone → Money transfer or service).,Yes: P1 Option A
4058,Debt collection,Consumer loan,P7: Collector conduct vs original product (R1),Debt collection,Consumer loan,A caller who kept changing his company name claimed the person owed money on a loan they never took out. He threatened to call their employer and sue them. It looks like a scam.,"The caller is chasing the person for a debt on a loan they say they never took out, and threatened to contact their employer and sue them. That is collection activity, so I classified it as Debt collection. The loan is only what the caller claims the debt came from, and even if it's a scam, scams aren't a category.","I focused on the alleged loan and assumed the complaint was primarily about a consumer lending product. On review, the main issue is the collector's conduct, threats, and collection attempts.","Darren changed from Consumer loan to Debt collection: he had focused on the alleged loan as the product, but agreed under P7 Option A that the complaint is about the caller's behaviour: threats to contact the employer, a threatened lawsuit, and refusing to give an address. Collector conduct decides the label, not the claimed loan.",Debt collection,"P7 Option A: complaint about a collector's behaviour → Debt collection, whatever the original product.",Yes: P7 Option A
4059,Debt collection,Credit reporting,P6: Found on credit report vs active collection,Debt collection,Debt collection,Medical bills were passed to a debt collection agency without the person being told. They only found out when they checked their credit report. They accept the bills are theirs and want to know how to sort it out.,"The issue is with the debt collection service. The medical bills were sent to collections, and the collector says it tried to contact the person by mail. The person only found out through their credit report, so the credit report is how they discovered it, a consequence rather than the main issue. They accept the bills and want to resolve the debt, so I classified it as Debt collection.","I focused on the fact that the issue appeared on the person's credit report. However, the complaint is about a debt being sent to collections without notice and resolving the collection account.","Darren changed from Credit reporting to Debt collection: he had focused on the debt appearing on the credit report, but agreed that the person isn't disputing the report. They accept the medical bills, and the complaint is about the debt being sent to collections without notice and how to resolve it with the collection agency.",Debt collection,P6 Option A: debt only found on the credit report and wanted removed → Credit reporting; collector actively chasing → Debt collection.,Yes: P6 Option A
4060,Consumer loan,Bank account or service,Definition check (no new rule needed): the Consumer loan definition already covers auto loan servicing,Consumer loan,-,"The person's car loan company (AC Autopay) has wrong figures: missing payments, a wrong loan amount, and interest rate changes. It won't give them a full payment record.","The main focus of the complaint is the loan company. AC Autopay appears to be a car loan servicer, and the problems are all about the loan: missing payments in the payment history, a wrong amount financed, and the interest rate and balance changing. Loan servicing and repayments are in the Consumer loan definition, so I classified it as Consumer loan.","I focused on account servicing issues and record discrepancies. On review, the complaint is specifically about an auto loan, its payments, balance, and interest calculations, making Consumer loan more appropriate.","Darren changed from Bank account or service to Consumer loan: he had focused on the account servicing and record discrepancies, but agreed that the ""account"" here is an auto loan, and the complaint is about its payments, balance and interest calculations. That makes it loan servicing, which is Consumer loan.",Consumer loan,"Consumer loan definition: the complaint is about servicing an auto loan (missing payments, wrong amount financed, interest rate and balance changes, no full ledger). Darren's Bank account label came from focusing on account servicing and record errors, not a typing mistake; he agreed the account is a loan. No new rule needed.",No
4061,Money transfer or service,Bank account or service,P1: Bank account vs Money transfer (money held at a bank/bank-like account),Money transfer or service,Money transfer or service,The person paid $94 through a payment service for car parts that never arrived. Their bank (First National Bank of Omaha) refused to investigate the dispute properly and won't share its documents.,"The dispute is with the bank, but it's about a transfer the person made through the bank: they sent $94 through a payment service for car parts that never arrived. The law they cite (Regulation E) covers electronic transfers. The focus is the money transfer, so I classified it as Money transfer or service.","I focused on the bank's refusal to assist with the dispute. However, the core issue is an unauthorised payment transaction for goods that were not delivered, which better fits Money transfer or service.","Darren changed from Bank account or service to Money transfer or service: he had focused on the bank's refusal to help with the dispute, but agreed under P1 Option A that the problem is a payment the person sent to someone else for goods that were never delivered. That makes it a transfer problem, not an account problem. The bank is involved as the provider of the transfer.",Money transfer or service,"P1 Option A: the person sent money to a merchant through a payment service, so the service that went wrong is the transfer, which is Money transfer or service. Darren's Bank account label came from focusing on the bank's handling of the dispute; he agreed the core issue is the transfer itself.",Yes: P1 Option A
4064,Debt collection,Money transfer or service,P10: Vague / no product named,Debt collection,-,Someone collecting money the person owes from a small claims court case refuses to send the documents they asked for.,"The complaint is about someone collecting a debt that a small claims court ordered the person to pay. The person asked for documents to check the debt (the full payment ledger and the court judgment), and the collector refused. That is collection activity and close to debt validation, which is in the Debt collection definition. No specific product is named, so I classified it as Debt collection and flagged it as vague.","I focused on the movement of money and payment demands. On review, the complaint concerns a party attempting to collect an alleged debt and refusing to provide supporting documentation, which aligns with Debt collection.","Darren changed from Money transfer or service to Debt collection: he had focused on the movement of money and the payment demands, but agreed that the complaint is about someone trying to collect a debt and refusing to provide supporting documents, which is Debt collection. No money transfer service is involved.",Debt collection,"P10 Option A: no product is named, so use the clues in the text. Someone is collecting a court-awarded debt and refusing the person's requests for documents to verify it, which is collection activity and close to debt validation, so Debt collection. Darren's Money transfer label came from focusing on the payment demands, not a typing mistake; he agreed no transfer service is involved.",Yes: P10 Option A
4070,Credit reporting,Debt collection,P6: Found on credit report vs active collection,Credit reporting,Debt collection,"The person paid off a $190 debt to a debt collector (Convergent). The debt now shows as 'paid' on their credit report, but they want it removed completely, and the collector refused.","What the person wants is a change to their credit report: they've already paid the $190 debt, and now they want the collection removed from the report completely, not just shown as paid. The debt is paid, so nobody is chasing them for it. So I classified it as Credit reporting.","I focused on the involvement of a debt collector and collection account. However, the customer's requested outcome is the correction or removal of information from the credit report, making Credit reporting the primary issue.","Darren changed from Debt collection to Credit reporting: he had focused on the debt collector (Convergent) and the collection account, but agreed under P6 Option A that nobody is actively chasing the person, because the debt is already paid. What they want is the entry removed from their credit report, so the credit report is the primary issue.",Credit reporting,"P6 Option A: the debt is paid and no collector is actively chasing the person; the complaint is about removing the collection entry from the credit report, so Credit reporting. Darren's Debt collection label came from focusing on the collector's involvement; he agreed the requested outcome is a credit report change. Note: unlike other P6 tickets, this entry is accurate (the debt was theirs and is shown as paid), but the person's goal is still a credit report change.",Yes: P6 Option A
4077,Bank account or service,Debt collection,P1: Bank account vs Money transfer (money held at a bank/bank-like account),Bank account or service,Money transfer or service,"An unknown company keeps taking money from the person's account every month without permission, even though the company admits the person has no account with them.","I was torn between Money transfer and Bank account. I chose Bank account or service because money is being taken out of the person's account without permission. They aren't sending money to anyone, and the money leaving their account each month is an account problem.","I focused on repeated unauthorised withdrawals and interpreted them as collection activity. On review, the complaint is primarily about unauthorised transactions and account handling rather than debt collection.","Darren changed from Debt collection to Bank account or service: he had read the repeated monthly withdrawals as collection activity, but agreed that no debt or collector is involved. The company even admits the person has no account with them. The complaint is about unauthorised withdrawals from the person's account, which is an account problem under P1 Option A.",Bank account or service,"P1 Option A: money is being taken from the person's account without permission and they aren't sending money to anyone, so it's an account problem, Bank account or service (consistent with the Citi ticket, 4021). Darren's Debt collection label came from reading the repeated withdrawals as collection activity; he agreed no debt or collector is involved.",Yes: P1 Option A
4079,Credit reporting,Mortgage,"P12: When a lender reports an account wrongly on credit report and nothing else is wrong with the product, is it the product or Credit reporting?",Credit reporting,Mortgage,"The person's home loan with Bank of America was included in their bankruptcy. They want Bank of America to report it correctly to the credit bureaus as ""included in bankruptcy"". Nothing else is wrong with the mortgage itself; the complaint is only about how it's reported.","The complaint opens with ""Incorrect reporting of my status to the credit bureaus"", and the only thing the person wants is for Bank of America to report the mortgage's status correctly as ""included in bankruptcy"". Nothing else is wrong with the mortgage, so I classified it as Credit reporting.","I focused on the fact that the product involved was a home loan. However, the complaint is specifically about how the bankruptcy and loan are being reported on the credit report, making Credit reporting the more appropriate classification.","Darren changed from Mortgage to Credit reporting: he had focused on the fact that the product is a home loan, but agreed under P12 Option A that the only complaint is how the account's bankruptcy status is reported to the credit bureaus. Nothing else is wrong with the mortgage itself.",Credit reporting,"P12 Option A: the only complaint is how Bank of America reports the mortgage's status to the credit bureaus, and nothing else is wrong with the product, so Credit reporting (matches the definition: inaccurate reporting, disputes about information on a credit report). Darren's Mortgage label came from focusing on the product type; he agreed the complaint is only about the reporting. P12 was added as a protocol revision after this ticket showed where P5 stops applying.",Yes: P12 Option A
4092,Credit reporting,Consumer loan,P5: Credit report damage caused by a product problem,Mortgage (or Consumer loan),Credit reporting,"A bank reported the person's large loan (about $500,000, probably a home loan) as late when it didn't have to, and didn't update it after they caught up. The bank also moved them into a group of customers who can't refinance, costing them about $2,000 a month in extra interest.","It's partly a mortgage and the issue is with the bank, but it isn't an account or transaction problem, so it was between Mortgage and Credit reporting. I chose Credit reporting because the bank's credit reporting seemed to be what started the whole chain of problems: the bad reports, then the customer tier change, the blocked refinancing and the extra interest.","I focused on the lending product and considered it a general consumer loan. Given the loan size and description, it appears to be a mortgage, making Mortgage the more precise category.","Both changed to Mortgage. Beatrice changed from Credit reporting: under P5 Option A, the credit report damage comes from how the bank is treating the loan (the tier change blocking refinancing and the extra interest), so it's labelled by the product. Darren changed from Consumer loan: he agreed that the loan size (about $500,000) and the mention of ""properties"" and refinancing show it's a home loan, so Mortgage is the more precise product.",Mortgage,"P5 Option A: the credit report damage is tied to the bank's treatment of the loan itself (reporting it late unnecessarily, then a customer tier change that blocks refinancing and adds about $2,000 a month in interest), so it's labelled by the product. The product is most likely a home loan (about $500,000, ""properties"", refinancing), so Mortgage. Both labellers changed: Beatrice from Credit reporting, and Darren from Consumer loan.",Yes: P5 Option A
4093,Money transfer or service,Bank account or service,P3: Check-cashing / money services (Ingo),Money transfer or service,Bank account or service,"Ingo, a service for cashing checks through an app, processed the person's check twice. The check bounced and went to collections, and their cards and check-cashing feature were blocked.","At first I thought Bank account, because it's about a check, and the collections part confused me. But Ingo isn't a bank. It's a separate check-cashing service used inside apps, and Ingo is the one that processed the check twice. A check-cashing service is a money service, so I classified it as Money transfer or service. The collections and the blocked cards are consequences of Ingo's error.","I focused on the account consequences and service restrictions following the incident. However, the complaint centres on a check-cashing/payment service processing a transaction incorrectly, which aligns with Money transfer or service.","Darren changed from Bank account or service to Money transfer or service: he had focused on the account consequences (blocked cards, check-cashing feature disabled, trouble opening bank accounts), but agreed under P3 Option A that the complaint centres on Ingo, a check-cashing service, processing the check incorrectly. Check-cashing services are money services, which go under Money transfer or service.",Money transfer or service,"P3 Option A: Ingo is a check-cashing service, not a bank, and it processed the check twice; check-cashing services are money services, so Money transfer or service. The bounced check, collections and blocked cards are consequences of that error. Darren's Bank account label came from focusing on the account consequences; he agreed the service that went wrong is Ingo's check processing.",Yes: P3 Option A
4098,Credit card,Money transfer or service,Definition check (no new rule needed): the Credit card definition already covers account management and closure,Credit card,-,Discover closed the person's credit card account a week after a payment arrived late. They had paid through a bill payment service because Discover doesn't accept debit card payments.,"At first the word ""account"" made it sound like a debit or bank account, but the payment issues pointed more to a credit card. It's a ""Discover Card Account"": the person was making payments to Discover, and the debit card and checking account were only where the payment money came from. Discover closed the card account over payment issues, so I classified it as Credit card.","I focused on the payment process used to make the card payment. On review, the complaint concerns the closure and management of a credit card account, making Credit card the primary issue.","Darren changed from Money transfer or service to Credit card: he had focused on the bill payment service used to pay the card, but agreed that the complaint is about Discover closing the credit card account over a late payment. The bill payment service is only how the payment was made, not the service that went wrong.",Credit card,"Credit card definition: the complaint is about Discover closing the person's credit card account after a payment posted late, which is account management of a credit card. The bill payment service, debit card and checking account are only how the person paid. Darren's Money transfer label came from focusing on the payment method, not a typing mistake; he agreed the main issue is the card account closure. No new rule needed.",No
4103,Consumer loan,Debt collection,P4: Debt collection by the original lender,Consumer loan,Debt collection,"The person has a car loan with Navy Federal Credit Union. They sent formal-sounding letters demanding proof of the debt. Navy Federal ignored them and keeps asking for payments, threatening to take the car back.","At first I wondered why the threats wouldn't count as Debt collection. I chose Consumer loan because Navy Federal is the original car lender, not a separate debt collector. Asking for payments and warning about repossession is part of managing a car loan, since the car is collateral. The person is also still making payments. The debt collection wording (validation, FDCPA) comes from the person's letters, but no collector is involved.","I focused on the demands for payment and viewed them as collection activity. However, the lender is the original creditor and the complaint is tied directly to the underlying car loan, making Consumer loan more appropriate.","Darren changed from Debt collection to Consumer loan: he had viewed the payment demands and repossession threats as collection activity, but agreed under P4 Option A that Navy Federal is the original lender chasing its own car loan, not a debt collector. The complaint is tied directly to the underlying car loan, so it's labelled by the product.",Consumer loan,"P4 Option A: Navy Federal is the original car lender asking for payments on its own loan and warning about repossession, which is part of the loan contract, not a separate debt collector, so it's labelled by the product: Consumer loan. The person cites the FDCPA and demands validation, but that law covers third-party collectors. Darren's Debt collection label came from treating the payment demands as collection activity; he agreed the lender is the original creditor.",Yes: P4 Option A
4109,Credit reporting,Debt collection,"P12: When a lender reports an account wrongly on credit report and nothing else is wrong with the product, is it the product or Credit reporting?",Credit reporting,Consumer loan,Santander keeps reporting a debt on the person's credit report that they say is unproven and wrong. Santander won't send statements or records proving the debt.,"At first I thought it was about a report rather than debt collection, and I wondered whether ""consumer report"" meant it belonged under Consumer loan. Once I learned that ""consumer report"" is the legal term for a credit report, it was clear: Santander is reporting a debt on the person's credit report that they say is unproven and inaccurate. Nobody is chasing them for payment, so I classified it as Credit reporting.","I focused on the disputed debt itself and the company's refusal to provide proof. However, the customer's main concern is the inaccurate reporting of the debt on their credit report.","Darren changed from Debt collection to Credit reporting: he had focused on the disputed debt and Santander's refusal to provide proof, but agreed that the person's main concern is the inaccurate reporting of the debt on their credit report. Santander is the original lender, not a debt collector, and nobody is actively chasing the person for payment.",Credit reporting,"P12 Option A: the only complaint is that Santander reports an unproven debt on the person's credit report (""consumer report"" is the legal term for a credit report), and nothing else is wrong with the product, so Credit reporting. Santander is the original lender, not a debt collector, so Debt collection doesn't apply. Darren's Debt collection label came from focusing on the disputed debt; he agreed the main concern is the reporting.",Yes: P12 Option A
4111,Credit card,Bank account or service,P8: Prepaid cards,Credit card,Bank account or service,The person received an unemployment benefits card (a prepaid card called ReliaCard) they never applied for. Someone may have used their identity to claim unemployment benefits.,"At first I thought Bank account because it's a debit card. But it's a prepaid card, which isn't in any of our definitions, and the CFPB officially groups prepaid cards with credit cards (""Credit card or prepaid card""). So I chose Credit card to follow the source data.","I focused on the prepaid card account and considered it an account-related issue, since a prepaid card works like a debit card and holds money rather than lending it. So I classified it as Bank account or service.","Beatrice changed from Credit card to Bank account or service: she had followed the CFPB's grouping of prepaid cards with credit cards, but agreed under P8 Option B that a prepaid card works like a debit card and holds money rather than lending it, so Bank account or service fits better. This matches Darren's original label.",Bank account or service,"P8 Option B: prepaid cards (including benefits cards like ReliaCard) work like debit cards and hold money rather than lend it, so Bank account or service. The possible identity theft is the cause, not the category. Beatrice's Credit card label followed the CFPB's grouping; she agreed Bank account fits our definitions better.",Yes: P8 Option B
4113,Credit card,Money transfer or service,Definition check (no new rule needed): the Credit card definition already covers account closure and credit limit changes,Credit card,-,"Citi closed the person's Citi Simplicity credit card and cut the limit from $13,000 to $0 after they reported fraud. They feel discriminated against.","The focus is on the credit card: Citi Simplicity is a Citi credit card, and the complaint is about Citi closing the card account and cutting the credit line to $0 after the person reported fraud. Discrimination isn't a category, and the credit score is only a consequence. So I classified it as Credit card.","I focused on the fraud and transaction aspects of the complaint. However, the complaint concerns the closure and credit limit reduction of a credit card account, making Credit card the primary category.","Darren changed from Money transfer or service to Credit card: he had focused on the fraud and transaction side of the complaint, but agreed that the complaint is about Citi closing the credit card account and cutting its credit line. That is account management of a credit card, and no money transfer is involved.",Credit card,"Credit card definition: the complaint is about Citi closing a Citi Simplicity credit card and cutting the credit line to $0 after a fraud claim, which is account management of a credit card. Discrimination isn't a category, and the credit score is a consequence. Darren's Money transfer label came from focusing on the fraud and transactions, not a typing mistake; he agreed the main issue is the card account. No new rule needed.",No
4115,Credit card,Bank account or service,P4: Debt collection by the original lender,Credit card,Debt collection,"American Express called the person's roommate's parents' house about a credit card payment that was 2–3 weeks late, and can't explain how it got that number.","At first I thought it fit no category, because the main issue seemed to be privacy. But the call was about a missed payment, so I looked at the product. American Express is a credit card company, and the late payment is on an Amex card. It isn't a debt collector (Amex is the original card company), it isn't a loan, and no bank account is involved. So I classified it as Credit card.","I focused on the privacy and contact-information aspect of the complaint, which led me to consider it an account-related issue. However, the complaint concerns an overdue credit card payment being pursued by the original card issuer, making Credit card the more appropriate category.","Darren changed from Bank account or service to Credit card: he had focused on the privacy and contact-information side and saw it as an account-related issue, but agreed that the complaint is about an overdue credit card payment being chased by the original card company. Under P4 Option A, the original lender chasing its own debt is labelled by product, so Credit card.",Credit card,"P4 Option A: American Express is the original card company chasing a late payment on its own credit card, not a debt collector, so it's labelled by product: Credit card. Privacy isn't a category. Darren's Bank account label came from focusing on the privacy and contact-information side; he agreed the complaint is about a credit card payment.",Yes: P4 Option A
4120,Money transfer or service,Bank account or service,"P2: Payment apps (Cash App, Venmo, PayPal)",Money transfer or service,Bank account or service,Someone hacked the person's Venmo account and sent their money to themselves in 14 transfers. Venmo denied the fraud claim and now wants the person to pay back money Venmo covered.,"It looks like a transfer issue: someone hacked the person's Venmo account and sent their money to themselves in 14 transfers, and Venmo denied the fraud claim. Venmo is a payment app named in the Money transfer definition, and the bank is only mentioned for blocking two of the payments. So I classified it as Money transfer or service.","I focused on the compromised Venmo account and associated account-access issues. However, the core complaint concerns an unauthorised transfer through a payment app, which aligns more closely with Money transfer or service.","Darren changed from Bank account or service to Money transfer or service: he had focused on the hacked Venmo account and the account-access side, but agreed under P2 Option A that Venmo is a payment app named in the Money transfer definition, and the core complaint is unauthorised transfers through the app and Venmo's handling of the fraud claim.",Money transfer or service,"P2 Option A: Venmo is a payment app named in the Money transfer definition, and the complaint is about unauthorised transfers sent from the hacked account and Venmo denying the fraud claim, so Money transfer or service. The bank is only mentioned for blocking two payments. Darren's Bank account label came from focusing on the account being hacked; he agreed the core issue is the transfers through the app.",Yes: P2 Option A
4126,Debt collection,Credit reporting,P6: Found on credit report vs active collection,Debt collection,Debt collection,"Someone used the person's identity to borrow money from a credit union. The person then received collection messages and was sent to a collection agency, and their credit score dropped.","The main issue is the collections. Someone used the person's identity to borrow money, and the person then received collection messages and was sent to a collection agency. The drop in their credit score is a consequence, and the identity theft is the cause, not the category. So I classified it as Debt collection.","I focused on the credit score impact and information appearing on the credit report. On review, the complaint involves debts being sent to a collection agency and collection activity resulting from identity theft, making Debt collection the primary issue.","Darren changed from Credit reporting to Debt collection: he had focused on the credit score impact and the information on the credit report, but agreed under P6 Option A that the person is being actively pursued, with collection messages and the debt sent to a collection agency. The credit score drop is a consequence of the collection activity.",Debt collection,"P6 Option A: the person received collection messages and was sent to a collection agency over a debt created through identity theft, so a collector is actively pursuing them: Debt collection. The credit score drop is a consequence, and identity theft is the cause, not the category. Darren's Credit reporting label came from focusing on the credit score impact; he agreed the collection activity is the main issue.",Yes: P6 Option A
4130,Credit card,Bank account or service,"P11: Definition coverage (leases, crypto, specialty reporting agencies, store cards)",Credit card,Bank account or service,Someone used the person's details to open a store credit card with Comenity Bank and made purchases. Comenity rejected their dispute. They want the account closed and the debt cancelled.,"Comenity is a bank that issues store credit cards. Someone opened a credit account in the person's name and made purchases on it, and Comenity rejected the dispute. The complaint is aimed at the card issuer, not a credit bureau, and the credit report isn't mentioned. The identity theft is the cause, not the category. So I classified it as Credit card.","I focused on the account closure and fraud dispute aspects of the complaint. However, the product involved is a store credit card account, which falls under the Credit card category.","Darren changed from Bank account or service to Credit card. He had focused on the account closure and the fraud dispute. He agreed under P11 Option A that the product is a store credit card, and store cards go under Credit card. Comenity is a bank, but here it is acting as a card issuer, not providing a bank account.",Credit card,"P11 Option A: the account is a store credit card issued by Comenity Bank, and store cards go under Credit card. The complaint is about a credit card opened fraudulently, purchases made on it, and Comenity denying the dispute. Identity theft is the cause, not the category. Darren's Bank account label came from focusing on the account closure and the fraud dispute; he agreed the product is a credit card.",Yes: P11 Option A
4131,Money transfer or service,Bank account or service,"P1: Bank account vs Money transfer (money held at a bank/bank-like account) / P2: Payment apps (Cash App, Venmo, PayPal)",Money transfer or service,Money transfer or service,"Someone paid the person $2,500 through a payment app, which was meant to send it on to their Chase debit card. The money disappeared: the app says Chase has it, and Chase says it doesn't.","It looks like a transfer problem. Someone paid the person $2,500 through a payment app, which was supposed to send it on to their Chase debit card, and the money went missing between the app and Chase. Chase is only involved as the receiving end. The problem is a transfer that got lost, so I classified it as Money transfer or service.","I focused on the involvement of the Chase debit account where the funds were meant to arrive. However, the main issue concerns money sent through a payment application that could not be traced, which better fits Money transfer or service.","Darren changed from Bank account or service to Money transfer or service: he had focused on the Chase debit account where the money was meant to arrive, but agreed that the main issue is money sent through a payment app that went missing in transit. Under P1 and P2 Option A, a lost transfer through a payment app is Money transfer or service.",Money transfer or service,"P1 and P2 Option A: the money was sent through a payment app and lost on its way to the person's Chase debit card, with the app and Chase each saying the other has it. The service that went wrong is the transfer, so Money transfer or service. Chase is only the receiving end. Darren's Bank account label came from focusing on the Chase account; he agreed the core issue is the lost transfer.",Yes: P1 Option A
4136,Bank account or service,Money transfer or service,P1: Bank account vs Money transfer (money held at a bank/bank-like account),Bank account or service,Money transfer or service,"Someone got into the person's Chime account, linked another account, and moved $6,800 out. Chime rejected the dispute and won't explain or help.","Chime isn't technically a bank, but it works like a bank account: checking, a debit card and deposits. Someone got into the person's Chime account and took $6,800 out without permission. The person didn't send money to anyone, so the issue is the bank account, not a transfer. I classified it as Bank account or service, the same as the other Chime tickets.","I focused on the movement of funds out of the account. However, the complaint primarily concerns unauthorised access to the Chime account and the bank's handling of the dispute, making Bank account or service more appropriate.","Darren changed from Money transfer or service to Bank account or service: he had focused on the money being moved out of the account through a linked account, but agreed under P1 Option A that the person didn't send money to anyone. The complaint is about unauthorised access to the Chime account and Chime's handling of the dispute, which are account problems.",Bank account or service,"P1 Option A: someone accessed the person's Chime account and moved $6,800 out without permission, and Chime denied the dispute. The person didn't send money to anyone, so the service that went wrong is the account itself: Bank account or service (consistent with the Citi and other Chime tickets). Darren's Money transfer label came from focusing on the funds moved through a linked account; he agreed the core issue is account access and dispute handling.",Yes: P1 Option A
4138,Credit card,Bank account or service,S: Possible entry slip,Bank account or service,-,The person closed their Marcus savings account and fixed-term deposit (a CD) to move the money into their checking account. The deposit's money doesn't show as being transferred.,"Entry error: I meant to select Bank account or service but entered Credit card by mistake. The complaint is about closing a Marcus savings account and CD and transferring the money to a checking account, which is a bank account issue. No credit card is involved.","I focused on the missing transfer of funds between deposit accounts and considered it an account service issue. If the complaint details are accurate, Bank account or service appears more appropriate than Credit card.","Beatrice entry error, corrected: Beatrice confirmed her Credit card label was a typing mistake. The complaint is about Marcus savings and CD accounts and a missing transfer to checking, which matches Darren's label, Bank account or service.",Bank account or service,"Bank account or service definition: the complaint is about closing a Marcus savings account and fixed-term deposit (CD) and the CD money not showing as transferred to the person's checking account, which are account services. Beatrice's Credit card label was a typing mistake, now corrected. No new rule needed.",No
4141,Credit card,Bank account or service,P8: Prepaid cards,Credit card,Bank account or service,The person's prepaid debit card doesn't allow cash withdrawals in the country they're travelling to. This restriction wasn't mentioned anywhere in the card's contract or policies.,"It's a prepaid debit card, and prepaid cards aren't in any of our definitions. I followed the rule I had set on the ReliaCard ticket: the CFPB groups prepaid cards with credit cards (""Credit card or prepaid card""), so I classified it as Credit card, to stay consistent.","I focused on the prepaid debit card functioning as an account used for transactions and withdrawals, so I classified it as Bank account or service.","Beatrice changed from Credit card to Bank account or service: she had followed the CFPB's grouping of prepaid cards with credit cards, but agreed under P8 Option B that a prepaid card works like a debit card (here, for ATM withdrawals and spending) and holds money rather than lending it, so Bank account or service fits better. This matches Darren's original label, the same as row 4111.",Bank account or service,"P8 Option B: prepaid cards work like debit cards and hold money rather than lend it, so Bank account or service. The complaint is about the prepaid card provider not disclosing country restrictions on ATM withdrawals. Beatrice's Credit card label followed the CFPB's grouping; she agreed Bank account fits our definitions better (consistent with 4111).",Yes: P8 Option B
4143,Consumer loan,Money transfer or service,"P11: Definition coverage (leases, crypto, specialty reporting agencies, store cards) / S: Possible entry slip",Consumer loan,-,Someone fraudulently extended the person's Toyota car lease after they had already returned the car. Toyota won't investigate or send documents.,"The complaint is about a Toyota car lease that was fraudulently extended after the person returned the car. A lease isn't exactly a loan, but in the CFPB data car leases are grouped with car loans (""Vehicle loan or lease""), so I classified it as Consumer loan and noted that leases should be added to our definitions.","This appears to have been a classification error. The complaint concerns a vehicle lease that was fraudulently opened and maintained, which falls under Consumer loan rather than Money transfer or service.","Darren entry error, corrected: Darren confirmed his Money transfer label was a classification error. He agreed the complaint is about a fraudulently extended vehicle lease, which goes under Consumer loan (P11 Option A: car leases → Consumer loan).",Consumer loan,"P11 Option A: car leases aren't in any original definition, so they were added to Consumer loan, following the CFPB's ""Vehicle loan or lease"" grouping. The complaint is about a Toyota lease fraudulently extended after the car was returned, and Toyota not investigating. Darren's Money transfer label was a classification error, now corrected.",Yes: P11 Option A
4146,Credit reporting,Bank account or service,P10: Vague / no product named,Credit reporting,Bank account or service,The person disagreed with a company about a payment amount and extra charges. They now refuse permission for the company and the credit bureaus to share their personal information. No product is named.,"The ticket is vague and doesn't name a product, but the only concrete demand is that the company and the consumer reporting agencies (credit bureaus) stop sharing (""furnishing"") the person's information without their consent. That is about information going to credit bureaus, so I classified it as Credit reporting and flagged it as vague.","I focused on the dispute regarding charges and the company's handling of the customer's information. However, the complaint specifically concerns sharing information with credit bureaus and reporting-related issues, making Credit reporting the more appropriate category.","Darren changed from Bank account or service to Credit reporting: he had focused on the dispute over charges and the company's handling of the person's information, but agreed under P10 Option A that, with no product named, the clearest clue is the demand to stop information being furnished to consumer reporting agencies, which points to Credit reporting.",Credit reporting,"P10 Option A: no product is named, so use the clues in the text. The only concrete demand is that the company and the consumer reporting agencies stop sharing the person's information without consent, so Credit reporting. The payment dispute is mentioned only briefly as background. Darren's Bank account label came from focusing on the dispute over charges; he agreed the reporting demand is the main issue.",Yes: P10 Option A
4148,Credit card,Credit reporting,P5: Credit report damage caused by a product problem,Credit card,Credit reporting,"A debt management company paid the person's credit card bills, but a system error caused some late payments. The card company reports the wrong late months on their credit report, won't discuss the account, and may owe them a refund.","I was torn between Credit reporting and Credit card. Two of the three issues are about the card account itself: the card company refuses to discuss the account, and it may owe the person a refund for an overpayment. The wrong late months on the credit report come from the card payment problems. The person also calls it ""the worst credit card company ever"". So, following Option A (label by the product that caused the problem), I classified it as Credit card.","I focused on the incorrect information appearing on the credit report. However, the reporting issue resulted directly from problems with a credit card account, making Credit card the primary product category under the protocol.","Darren changed from Credit reporting to Credit card: he had focused on the incorrect late payments on the credit report, but agreed under P5 Option A that the reporting issue comes directly from problems with the credit card account. The person's other complaints, the company refusing to discuss the account and a possible refund, are about the card itself.",Credit card,"P5 Option A: the wrong late-payment months on the credit report come from problems with a credit card account (late payments caused by a debt management company's system error), so it's labelled by the product: Credit card. The card company refusing to discuss the account and possibly owing a refund are also card account issues. Darren's Credit reporting label came from focusing on the reporting errors; he agreed they result from the card account problems.",Yes: P5 Option A
4149,Credit card,Mortgage,S: Possible entry slip,Mortgage,-,The person paid down their home loan enough to stop paying private mortgage insurance (an extra monthly fee). BankUnited won't remove it unless they pay $600 for a new property valuation.,"Entry error: my label and note for row 4148 (the debt consolidation ticket) were entered in this row by mistake. This ticket is about removing private mortgage insurance (PMI) on a home loan, which is Mortgage.","I recognised that the complaint is about a home loan: the person wants the loan servicer (BankUnited) to remove private mortgage insurance (PMI) without paying for a new appraisal. PMI removal and loan servicing are mortgage issues, so I classified it as Mortgage.","Beatrice entry error, corrected: her Credit card label and note were for row 4148 and were entered on this row by mistake. The ticket is about removing PMI on a home loan, which matches Darren's label, Mortgage.",Mortgage,"Mortgage definition: the complaint is about a home loan servicer refusing to remove private mortgage insurance (PMI) without a new appraisal. Beatrice's Credit card label was a row-entry error (her label and note for 4148 were entered here), now corrected. No new rule needed.",No
