row,label
4000,Debt Collection
4001,Debt Collection
4002,Consumer loan
4003,Bank account or service
4004,Bank account or service
4005,Bank account or service
4006,Credit card
4007,Consumer loan
4008,Credit reporting
4009,Debt Collection
4010,Credit reporting
4011,Credit reporting
4012,Bank account or service
4013,Credit reporting
4014,Mortgage
4015,Credit reporting
4016,Debt Collection
4017,Consumer loan
4018,Consumer loan
4019,Consumer loan
4020,Debt Collection
4021,Money transfer or service
4022,Consumer loan
4023,Money transfer or service
4024,Debt Collection
4025,Consumer loan
4026,Money transfer or service
4027,Credit reporting
4028,Credit reporting
4029, Money transfer or service
4030,Money transfer or service
4031,Credit reporting
4032,Mortgage
4033,Bank account or service
4034,Bank account or service
4035,Consumer loan
4036,Mortgage
4037,Credit card
4038,Mortgage
4039,Credit reporting
4040,Bank account or service
4041,Credit card
4042,Mortgage
4043,Money transfer or service
4044,Money transfer or service
4045,Credit reporting
4046,Money transfer or service
4047,Credit reporting
4048,Debt Collection
4049,Credit card
4050,Money transfer or service
4051,Credit reporting
4052,Consumer loan
4053,Mortgage
4054,Debt Collection
4055,Mortgage
4056,Money transfer or service
4057,Credit reporting
4058,Consumer loan
4059,Credit reporting
4060,Bank account or service
4061,Bank account or service
4062,Credit reporting
4063,Bank account or service
4064,Money transfer or service
4065,Mortgage
4066,Credit card
4067,Consumer loan
4068,Mortgage
4069,Credit reporting
4070,Debt Collection
4071,Debt Collection
4072,Credit reporting
4073,Money transfer or service
4074,Money transfer or service
4075,Bank account or service
4076,Credit reporting
4077,Debt Collection
4078,Debt Collection
4079,Mortgage
4080,Debt Collection
4081,Credit reporting
4082,Mortgage
4083,Money transfer or service
4084,Money transfer or service
4085,Consumer loan
4086, Credit reporting
4087,Credit card
4088,Money transfer or service
4089,Credit card
4090,Mortgage
4091,Money transfer or service
4092,Consumer loan
4093,Bank account or service
4094,Consumer loan
4095,Mortgage
4096,Credit reporting
4097,Mortgage
4098,Money transfer or service
4099,Credit card
4100,Money transfer or service
4101,Credit reporting
4102,Money transfer or service
4103,Debt Collection
4104,Bank account or service
4105,Credit reporting
4106,Consumer loan
4107,Bank account or service
4108,Credit card
4109,Debt Collection
4110,Credit reporting
4111,Bank account or service
4112,Money transfer or service
4113,Money transfer or service
4114,Credit reporting
4115,Bank account or service
4116,Credit reporting
4117,Mortgage
4118,Bank account or service
4119,Consumer loan
4120,Bank account or service
4121,Money transfer or service
4122,Debt Collection
4123,Mortgage
4124,Mortgage
4125,Credit reporting
4126,Credit reporting
4127,Bank account or service
4128,Mortgage
4129,Consumer loan
4130,Bank account or service
4131,Bank account or service
4132,Bank account or service
4133,Money transfer or service
4134,Credit card
4135,Mortgage
4136,Money transfer or service
4137,Credit reporting
4138,Bank account or service
4139,Bank account or service
4140,Credit reporting
4141,Bank account or service
4142,Consumer loan
4143,Money transfer or service
4144,Mortgage
4145,Mortgage
4146,Bank account or service
4147,Credit card
4148,Credit reporting
4149,Mortgage
